Feature,Importance
RSI_14,-0.022114582363411194
ADX_14,-0.021956887717130603
Williams_R,-0.016868209643059774
Stoch_K,-0.016868209643059774
MACD,-0.010989926973161878
ROC_10,-0.010045308425134136
ATR_14,-0.0014026719622402205
SMA_50,0.004081232305373672
SMA_20,0.004105775568507464
Volume_SMA_20,0.005144063448976155
MACD_hist,0.01311286792061126
CCI_20,0.021219416729023853
